location,median_income,zipcode,borough,income_cat
ZCTA5 10282,250001,10282,Manhattan,High
ZCTA5 10004,250001,10004,Manhattan,High
ZCTA5 10007,250001,10007,Manhattan,High
ZCTA5 10279,250001,10279,Manhattan,High
ZCTA5 11030,234966,11030,Queens,High
ZCTA5 10069,233636,10069,Manhattan,High
ZCTA5 10280,206299,10280,Manhattan,High
ZCTA5 11109,204885,11109,Queens,High
ZCTA5 10005,190233,10005,Manhattan,High
ZCTA5 10006,190170,10006,Manhattan,High
ZCTA5 11215,185865,11215,Brooklyn,High
ZCTA5 10024,181560,10024,Manhattan,High
ZCTA5 10014,176395,10014,Manhattan,High
ZCTA5 11024,175300,11024,Queens,High
ZCTA5 10028,175121,10028,Manhattan,High
ZCTA5 11201,173136,11201,Brooklyn,High
ZCTA5 10022,172026,10022,Manhattan,High
ZCTA5 11020,167148,11020,Queens,High
ZCTA5 11217,162863,11217,Brooklyn,High
ZCTA5 10013,161154,10013,Manhattan,High
ZCTA5 10023,159874,10023,Manhattan,High
ZCTA5 10021,158677,10021,Manhattan,High
ZCTA5 10075,155902,10075,Manhattan,High
ZCTA5 10065,155331,10065,Manhattan,High
ZCTA5 11040,154696,11040,Queens,High
ZCTA5 10003,154262,10003,Manhattan,High
ZCTA5 11050,154225,11050,Queens,High
ZCTA5 11001,150000,11001,Queens,High
ZCTA5 10128,147772,10128,Manhattan,High
ZCTA5 10307,147184,10307,Staten Island,High
ZCTA5 10011,145987,10011,Manhattan,High
ZCTA5 10018,145958,10018,Manhattan,High
ZCTA5 10010,144969,10010,Manhattan,High
ZCTA5 11010,142321,11010,Queens,High
ZCTA5 11023,141003,11023,Queens,High
ZCTA5 10016,140381,10016,Manhattan,High
ZCTA5 11231,139930,11231,Brooklyn,High
ZCTA5 10012,137106,10012,Manhattan,High
ZCTA5 10017,136705,10017,Manhattan,High
ZCTA5 11366,135373,11366,Queens,High
ZCTA5 11238,134523,11238,Brooklyn,High
ZCTA5 10001,129852,10001,Manhattan,High
ZCTA5 10019,128559,10019,Manhattan,High
ZCTA5 10308,125850,10308,Staten Island,High
ZCTA5 11222,125734,11222,Brooklyn,High
ZCTA5 11363,125015,11363,Queens,High
ZCTA5 11003,124115,11003,Queens,High
ZCTA5 11249,123047,11249,Brooklyn,High
ZCTA5 11697,122667,11697,Queens,High
ZCTA5 11362,122090,11362,Queens,High
ZCTA5 11101,121062,11101,Queens,High
ZCTA5 11021,120230,11021,Queens,High
ZCTA5 11413,118440,11413,Queens,High
ZCTA5 11411,116458,11411,Queens,High
ZCTA5 10309,116098,10309,Staten Island,High
ZCTA5 11004,115360,11004,Queens,High
ZCTA5 11422,114697,11422,Queens,High
ZCTA5 10162,114139,10162,Manhattan,High
ZCTA5 11694,111011,11694,Queens,High
ZCTA5 10312,110719,10312,Staten Island,High
ZCTA5 10025,108940,10025,Manhattan,High
ZCTA5 11211,107506,11211,Brooklyn,Middle
ZCTA5 10310,106250,10310,Staten Island,Middle
ZCTA5 11361,105932,11361,Queens,Middle
ZCTA5 11375,105904,11375,Queens,Middle
ZCTA5 10038,105419,10038,Manhattan,Middle
ZCTA5 10314,104613,10314,Staten Island,Middle
ZCTA5 11426,103533,11426,Queens,Middle
ZCTA5 10044,103347,10044,Manhattan,Middle
ZCTA5 10464,103125,10464,Bronx,Middle
ZCTA5 10471,103046,10471,Bronx,Middle
ZCTA5 11429,102880,11429,Queens,Middle
ZCTA5 11105,102012,11105,Queens,Middle
ZCTA5 11216,101277,11216,Brooklyn,Middle
ZCTA5 11420,100006,11420,Queens,Middle
ZCTA5 11360,98875,11360,Queens,Middle
ZCTA5 11364,98359,11364,Queens,Middle
ZCTA5 11412,97979,11412,Queens,Middle
ZCTA5 11234,97479,11234,Brooklyn,Middle
ZCTA5 11218,97366,11218,Brooklyn,Middle
ZCTA5 11357,96988,11357,Queens,Middle
ZCTA5 10306,96866,10306,Staten Island,Middle
ZCTA5 11102,96617,11102,Queens,Middle
ZCTA5 10036,95638,10036,Manhattan,Middle
ZCTA5 11414,95051,11414,Queens,Middle
ZCTA5 11205,93887,11205,Brooklyn,Middle
ZCTA5 11209,93854,11209,Brooklyn,Middle
ZCTA5 11379,93558,11379,Queens,Middle
ZCTA5 11096,93421,11096,Queens,Middle
ZCTA5 11419,93399,11419,Queens,Middle
ZCTA5 11103,93324,11103,Queens,Middle
ZCTA5 10009,92876,10009,Manhattan,Middle
ZCTA5 11428,91296,11428,Queens,Middle
ZCTA5 11232,90891,11232,Brooklyn,Middle
ZCTA5 11421,90685,11421,Queens,Middle
ZCTA5 11374,90631,11374,Queens,Middle
ZCTA5 11418,90156,11418,Queens,Middle
ZCTA5 10470,90046,10470,Bronx,Middle
ZCTA5 11005,89931,11005,Queens,Middle
ZCTA5 11427,88980,11427,Queens,Middle
ZCTA5 11385,88838,11385,Queens,Middle
ZCTA5 11225,88568,11225,Brooklyn,Middle
ZCTA5 11358,88165,11358,Queens,Middle
ZCTA5 11436,88047,11436,Queens,Middle
ZCTA5 10465,87985,10465,Bronx,Middle
ZCTA5 11417,87006,11417,Queens,Middle
ZCTA5 11356,86730,11356,Queens,Middle
ZCTA5 11415,86394,11415,Queens,Middle
ZCTA5 11378,85830,11378,Queens,Middle
ZCTA5 11221,85736,11221,Brooklyn,Middle
ZCTA5 10301,85609,10301,Staten Island,Middle
ZCTA5 11237,85196,11237,Brooklyn,Middle
ZCTA5 11106,84867,11106,Queens,Middle
ZCTA5 10303,83947,10303,Staten Island,Middle
ZCTA5 11210,83692,11210,Brooklyn,Middle
ZCTA5 11228,83665,11228,Brooklyn,Middle
ZCTA5 10305,83413,10305,Staten Island,Middle
ZCTA5 11236,81464,11236,Brooklyn,Middle
ZCTA5 11365,81258,11365,Queens,Middle
ZCTA5 10026,81244,10026,Manhattan,Middle
ZCTA5 11416,81188,11416,Queens,Middle
ZCTA5 11226,81014,11226,Brooklyn,Middle
ZCTA5 11104,80709,11104,Queens,Middle
ZCTA5 11369,80297,11369,Queens,Middle
ZCTA5 11423,80054,11423,Queens,Middle
ZCTA5 11435,79710,11435,Queens,Middle
ZCTA5 11372,78606,11372,Queens,Middle
ZCTA5 10302,78263,10302,Staten Island,Middle
ZCTA5 11434,77598,11434,Queens,Middle
ZCTA5 11433,77519,11433,Queens,Middle
ZCTA5 10469,76020,10469,Bronx,Middle
ZCTA5 11370,76009,11370,Queens,Middle
ZCTA5 11367,75061,11367,Queens,Middle
ZCTA5 10033,75040,10033,Manhattan,Middle
ZCTA5 10463,74974,10463,Bronx,Middle
ZCTA5 11432,74096,11432,Queens,Middle
ZCTA5 11377,73073,11377,Queens,Middle
ZCTA5 11368,72270,11368,Queens,Low-Middle
ZCTA5 10304,71561,10304,Staten Island,Low-Middle
ZCTA5 11373,71480,11373,Queens,Low-Middle
ZCTA5 11229,70603,11229,Brooklyn,Low-Middle
ZCTA5 11230,70027,11230,Brooklyn,Low-Middle
ZCTA5 11220,69883,11220,Brooklyn,Low-Middle
ZCTA5 11204,69479,11204,Brooklyn,Low-Middle
ZCTA5 11693,68449,11693,Queens,Low-Middle
ZCTA5 11203,67897,11203,Brooklyn,Low-Middle
ZCTA5 10034,67754,10034,Manhattan,Low-Middle
ZCTA5 10461,67028,10461,Bronx,Low-Middle
ZCTA5 11354,66010,11354,Queens,Low-Middle
ZCTA5 10466,65969,10466,Bronx,Low-Middle
ZCTA5 11214,65895,11214,Brooklyn,Low-Middle
ZCTA5 10040,65516,10040,Manhattan,Low-Middle
ZCTA5 10031,65283,10031,Manhattan,Low-Middle
ZCTA5 11213,65127,11213,Brooklyn,Low-Middle
ZCTA5 11223,63368,11223,Brooklyn,Low-Middle
ZCTA5 10475,62712,10475,Bronx,Low-Middle
ZCTA5 11233,62411,11233,Brooklyn,Low-Middle
ZCTA5 11208,62077,11208,Brooklyn,Low-Middle
ZCTA5 11206,61430,11206,Brooklyn,Low-Middle
ZCTA5 10462,60966,10462,Bronx,Low-Middle
ZCTA5 11235,59661,11235,Brooklyn,Low-Middle
ZCTA5 10027,59587,10027,Manhattan,Low-Middle
ZCTA5 11219,58347,11219,Brooklyn,Low-Middle
ZCTA5 10032,56829,10032,Manhattan,Low-Middle
ZCTA5 11207,56523,11207,Brooklyn,Low-Middle
ZCTA5 11691,56135,11691,Queens,Low-Middle
ZCTA5 11355,55326,11355,Queens,Low-Middle
ZCTA5 10473,52462,10473,Bronx,Low-Middle
ZCTA5 11692,49720,11692,Queens,Low-Middle
ZCTA5 10467,49330,10467,Bronx,Low-Middle
ZCTA5 10037,49153,10037,Manhattan,Low-Middle
ZCTA5 10002,48386,10002,Manhattan,Low-Middle
ZCTA5 10468,46233,10468,Bronx,Low-Middle
ZCTA5 10039,45371,10039,Manhattan,Low-Middle
ZCTA5 10035,45121,10035,Manhattan,Low
ZCTA5 11224,43648,11224,Brooklyn,Low
ZCTA5 10457,42683,10457,Bronx,Low
ZCTA5 10474,41586,10474,Bronx,Low
ZCTA5 11212,41355,11212,Brooklyn,Low
ZCTA5 10452,41288,10452,Bronx,Low
ZCTA5 10472,41039,10472,Bronx,Low
ZCTA5 10458,40800,10458,Bronx,Low
ZCTA5 10030,39802,10030,Manhattan,Low
ZCTA5 10451,38770,10451,Bronx,Low
ZCTA5 10029,38695,10029,Manhattan,Low
ZCTA5 11239,38015,11239,Brooklyn,Low
ZCTA5 10459,38006,10459,Bronx,Low
ZCTA5 10460,36309,10460,Bronx,Low
ZCTA5 10455,36115,10455,Bronx,Low
ZCTA5 10456,34954,10456,Bronx,Low
ZCTA5 10453,33186,10453,Bronx,Low
ZCTA5 10454,24086,10454,Bronx,Low
