location,median_income,margin_of_error,zipcode,borough
ZCTA5 10282,250001,-333333333,10282,Manhattan
ZCTA5 10004,250001,-333333333,10004,Manhattan
ZCTA5 10007,250001,-333333333,10007,Manhattan
ZCTA5 10279,250001,-333333333,10279,Manhattan
ZCTA5 11030,234966,29428,11030,Queens
ZCTA5 10069,233636,52737,10069,Manhattan
ZCTA5 10280,206299,72721,10280,Manhattan
ZCTA5 11109,204885,25090,11109,Queens
ZCTA5 10005,190233,34473,10005,Manhattan
ZCTA5 10006,190170,54768,10006,Manhattan
ZCTA5 11215,185865,9246,11215,Brooklyn
ZCTA5 10024,181560,14326,10024,Manhattan
ZCTA5 10014,176395,12595,10014,Manhattan
ZCTA5 11024,175300,47337,11024,Queens
ZCTA5 10028,175121,27619,10028,Manhattan
ZCTA5 11201,173136,8354,11201,Brooklyn
ZCTA5 10022,172026,15809,10022,Manhattan
ZCTA5 11020,167148,24440,11020,Queens
ZCTA5 11217,162863,12941,11217,Brooklyn
ZCTA5 10013,161154,43418,10013,Manhattan
ZCTA5 10023,159874,14788,10023,Manhattan
ZCTA5 10021,158677,22110,10021,Manhattan
ZCTA5 10075,155902,23510,10075,Manhattan
ZCTA5 10065,155331,19458,10065,Manhattan
ZCTA5 11040,154696,9186,11040,Queens
ZCTA5 10003,154262,10754,10003,Manhattan
ZCTA5 11050,154225,7030,11050,Queens
ZCTA5 11001,150000,14141,11001,Queens
ZCTA5 10128,147772,11385,10128,Manhattan
ZCTA5 10307,147184,16727,10307,Staten Island
ZCTA5 10011,145987,8167,10011,Manhattan
ZCTA5 10018,145958,34189,10018,Manhattan
ZCTA5 10010,144969,26449,10010,Manhattan
ZCTA5 11010,142321,19459,11010,Queens
ZCTA5 11023,141003,16376,11023,Queens
ZCTA5 10016,140381,10348,10016,Manhattan
ZCTA5 11231,139930,13219,11231,Brooklyn
ZCTA5 10012,137106,17854,10012,Manhattan
ZCTA5 10017,136705,25264,10017,Manhattan
ZCTA5 11366,135373,13367,11366,Queens
ZCTA5 11238,134523,11270,11238,Brooklyn
ZCTA5 10001,129852,25244,10001,Manhattan
ZCTA5 10019,128559,20899,10019,Manhattan
ZCTA5 10308,125850,12228,10308,Staten Island
ZCTA5 11222,125734,7243,11222,Brooklyn
ZCTA5 11363,125015,29660,11363,Queens
ZCTA5 11003,124115,9636,11003,Queens
ZCTA5 11249,123047,10799,11249,Brooklyn
ZCTA5 11697,122667,27437,11697,Queens
ZCTA5 11362,122090,8471,11362,Queens
ZCTA5 11101,121062,8902,11101,Queens
ZCTA5 11021,120230,16218,11021,Queens
ZCTA5 11413,118440,7699,11413,Queens
ZCTA5 11411,116458,7102,11411,Queens
ZCTA5 10309,116098,22465,10309,Staten Island
ZCTA5 11004,115360,15256,11004,Queens
ZCTA5 11422,114697,8277,11422,Queens
ZCTA5 10162,114139,101432,10162,Manhattan
ZCTA5 11694,111011,12498,11694,Queens
ZCTA5 10312,110719,5237,10312,Staten Island
ZCTA5 10025,108940,8662,10025,Manhattan
ZCTA5 11211,107506,9796,11211,Brooklyn
ZCTA5 10310,106250,12538,10310,Staten Island
ZCTA5 11361,105932,8729,11361,Queens
ZCTA5 11375,105904,5464,11375,Queens
ZCTA5 10038,105419,18564,10038,Manhattan
ZCTA5 10314,104613,8051,10314,Staten Island
ZCTA5 11426,103533,12268,11426,Queens
ZCTA5 10044,103347,16617,10044,Manhattan
ZCTA5 10464,103125,43009,10464,Bronx
ZCTA5 10471,103046,10156,10471,Bronx
ZCTA5 11429,102880,8694,11429,Queens
ZCTA5 11105,102012,4960,11105,Queens
ZCTA5 11216,101277,3920,11216,Brooklyn
ZCTA5 11420,100006,5819,11420,Queens
ZCTA5 11360,98875,10010,11360,Queens
ZCTA5 11364,98359,3320,11364,Queens
ZCTA5 11412,97979,5428,11412,Queens
ZCTA5 11234,97479,3460,11234,Brooklyn
ZCTA5 11218,97366,7032,11218,Brooklyn
ZCTA5 11357,96988,11283,11357,Queens
ZCTA5 10306,96866,7661,10306,Staten Island
ZCTA5 11102,96617,10089,11102,Queens
ZCTA5 10036,95638,13771,10036,Manhattan
ZCTA5 11414,95051,14428,11414,Queens
ZCTA5 11205,93887,12536,11205,Brooklyn
ZCTA5 11209,93854,3949,11209,Brooklyn
ZCTA5 11379,93558,8745,11379,Queens
ZCTA5 11096,93421,13525,11096,Queens
ZCTA5 11419,93399,7396,11419,Queens
ZCTA5 11103,93324,6909,11103,Queens
ZCTA5 10009,92876,11571,10009,Manhattan
ZCTA5 11428,91296,13942,11428,Queens
ZCTA5 11232,90891,6151,11232,Brooklyn
ZCTA5 11421,90685,6568,11421,Queens
ZCTA5 11374,90631,3891,11374,Queens
ZCTA5 11418,90156,7747,11418,Queens
ZCTA5 10470,90046,6145,10470,Bronx
ZCTA5 11005,89931,39675,11005,Queens
ZCTA5 11427,88980,10548,11427,Queens
ZCTA5 11385,88838,4663,11385,Queens
ZCTA5 11225,88568,5580,11225,Brooklyn
ZCTA5 11358,88165,6911,11358,Queens
ZCTA5 11436,88047,9180,11436,Queens
ZCTA5 10465,87985,7869,10465,Bronx
ZCTA5 11417,87006,7873,11417,Queens
ZCTA5 11356,86730,13390,11356,Queens
ZCTA5 11415,86394,6734,11415,Queens
ZCTA5 11378,85830,3957,11378,Queens
ZCTA5 11221,85736,5827,11221,Brooklyn
ZCTA5 10301,85609,8827,10301,Staten Island
ZCTA5 11237,85196,5831,11237,Brooklyn
ZCTA5 11106,84867,6399,11106,Queens
ZCTA5 10303,83947,8679,10303,Staten Island
ZCTA5 11210,83692,6476,11210,Brooklyn
ZCTA5 11228,83665,7723,11228,Brooklyn
ZCTA5 10305,83413,5796,10305,Staten Island
ZCTA5 11236,81464,4874,11236,Brooklyn
ZCTA5 11365,81258,9198,11365,Queens
ZCTA5 10026,81244,9379,10026,Manhattan
ZCTA5 11416,81188,10081,11416,Queens
ZCTA5 11226,81014,3494,11226,Brooklyn
ZCTA5 11104,80709,4757,11104,Queens
ZCTA5 11369,80297,6100,11369,Queens
ZCTA5 11423,80054,12576,11423,Queens
ZCTA5 11435,79710,4627,11435,Queens
ZCTA5 11372,78606,4397,11372,Queens
ZCTA5 10302,78263,9565,10302,Staten Island
ZCTA5 11434,77598,6021,11434,Queens
ZCTA5 11433,77519,4579,11433,Queens
ZCTA5 10469,76020,5117,10469,Bronx
ZCTA5 11370,76009,6874,11370,Queens
ZCTA5 11367,75061,11133,11367,Queens
ZCTA5 10033,75040,5112,10033,Manhattan
ZCTA5 10463,74974,3350,10463,Bronx
ZCTA5 11432,74096,6865,11432,Queens
ZCTA5 11377,73073,5495,11377,Queens
ZCTA5 11368,72270,2949,11368,Queens
ZCTA5 10304,71561,7057,10304,Staten Island
ZCTA5 11373,71480,3993,11373,Queens
ZCTA5 11229,70603,4890,11229,Brooklyn
ZCTA5 11230,70027,5299,11230,Brooklyn
ZCTA5 11220,69883,4800,11220,Brooklyn
ZCTA5 11204,69479,5994,11204,Brooklyn
ZCTA5 11693,68449,11743,11693,Queens
ZCTA5 11203,67897,5889,11203,Brooklyn
ZCTA5 10034,67754,8899,10034,Manhattan
ZCTA5 10461,67028,6955,10461,Bronx
ZCTA5 11354,66010,3123,11354,Queens
ZCTA5 10466,65969,7407,10466,Bronx
ZCTA5 11214,65895,3580,11214,Brooklyn
ZCTA5 10040,65516,7579,10040,Manhattan
ZCTA5 10031,65283,6167,10031,Manhattan
ZCTA5 11213,65127,5801,11213,Brooklyn
ZCTA5 11223,63368,4608,11223,Brooklyn
ZCTA5 10475,62712,5933,10475,Bronx
ZCTA5 11233,62411,4156,11233,Brooklyn
ZCTA5 11208,62077,4159,11208,Brooklyn
ZCTA5 11206,61430,4608,11206,Brooklyn
ZCTA5 10462,60966,2195,10462,Bronx
ZCTA5 11235,59661,4262,11235,Brooklyn
ZCTA5 10027,59587,6118,10027,Manhattan
ZCTA5 11219,58347,4474,11219,Brooklyn
ZCTA5 10032,56829,5888,10032,Manhattan
ZCTA5 11207,56523,3773,11207,Brooklyn
ZCTA5 11691,56135,5545,11691,Queens
ZCTA5 11355,55326,3066,11355,Queens
ZCTA5 10473,52462,5611,10473,Bronx
ZCTA5 11692,49720,4867,11692,Queens
ZCTA5 10467,49330,2681,10467,Bronx
ZCTA5 10037,49153,7783,10037,Manhattan
ZCTA5 10002,48386,4836,10002,Manhattan
ZCTA5 10468,46233,4057,10468,Bronx
ZCTA5 10039,45371,4629,10039,Manhattan
ZCTA5 10035,45121,4950,10035,Manhattan
ZCTA5 11224,43648,3368,11224,Brooklyn
ZCTA5 10457,42683,4482,10457,Bronx
ZCTA5 10474,41586,6868,10474,Bronx
ZCTA5 11212,41355,3952,11212,Brooklyn
ZCTA5 10452,41288,4146,10452,Bronx
ZCTA5 10472,41039,4195,10472,Bronx
ZCTA5 10458,40800,2867,10458,Bronx
ZCTA5 10030,39802,7797,10030,Manhattan
ZCTA5 10451,38770,5085,10451,Bronx
ZCTA5 10029,38695,5694,10029,Manhattan
ZCTA5 11239,38015,7045,11239,Brooklyn
ZCTA5 10459,38006,4404,10459,Bronx
ZCTA5 10460,36309,4906,10460,Bronx
ZCTA5 10455,36115,3299,10455,Bronx
ZCTA5 10456,34954,3278,10456,Bronx
ZCTA5 10453,33186,2783,10453,Bronx
ZCTA5 10454,24086,3969,10454,Bronx
