Zip Code,Population
11368,"105,716"
11208,"105,428"
11385,"101,704"
11373,"98,403"
10467,"96,421"
11226,"95,144"
11219,"94,196"
10314,"93,915"
11207,"93,198"
10025,"93,065"
11206,"93,020"
11221,"91,588"
11220,"90,652"
11214,"89,397"
11212,"89,020"
11236,"88,051"
10456,"87,533"
11230,"86,978"
11234,"83,187"
11233,"81,822"
11377,"81,690"
11355,"80,801"
11204,"79,800"
10457,"79,543"
11235,"78,558"
11229,"78,377"
11223,"78,093"
10029,"77,447"
10002,"76,873"
11375,"76,839"
10462,"76,320"
10453,"76,282"
10452,"75,682"
10468,"75,557"
10458,"74,898"
11203,"74,817"
11218,"72,042"
10977,"71,571"
10466,"71,116"
11209,"71,004"
10701,"70,676"
11201,"70,674"
11215,"70,441"
10463,"69,470"
10023,"69,455"
11691,"69,359"
11706,"68,976"
11213,"68,846"
14850,"68,610"
10469,"68,521"
11434,"68,263"
10950,"68,136"
11746,"65,747"
11211,"65,314"
11372,"64,756"
10472,"64,011"
10027,"63,885"
10312,"63,469"
10024,"63,115"
11432,"62,892"
10031,"61,058"
11550,"60,960"
11216,"60,685"
10009,"60,209"
10460,"59,396"
10473,"58,855"
11238,"58,345"
11225,"58,158"
10128,"57,976"
11210,"57,915"
10306,"57,428"
11435,"56,826"
10032,"55,610"
14221,"55,255"
12550,"55,152"
10033,"54,838"
11758,"54,375"
14580,"54,180"
10940,"53,611"
10003,"53,560"
12180,"53,479"
11354,"53,028"
10016,"52,971"
10461,"52,012"
11205,"51,676"
10451,"50,942"
11224,"50,822"
14094,"50,153"
11420,"49,415"
10028,"49,077"
10011,"48,277"
10459,"48,270"
10952,"48,019"
11249,"47,728"
11590,"47,599"
11419,"47,441"
11374,"46,989"
11413,"45,965"
10304,"45,658"
10465,"45,404"
11237,"45,334"
11003,"45,174"
12065,"45,116"
11772,"45,023"
10019,"44,942"
11520,"44,910"
10455,"44,801"
14075,"44,520"
11757,"44,413"
14120,"44,241"
12601,"44,164"
11743,"43,490"
11217,"43,490"
11357,"43,346"
11580,"43,092"
13760,"42,896"
11222,"42,853"
10801,"42,754"
14450,"42,750"
11756,"42,665"
10475,"42,578"
14215,"42,524"
11365,"42,322"
12603,"42,304"
11228,"42,241"
11101,"42,219"
11040,"41,988"
11801,"41,585"
13440,"41,555"
10305,"41,270"
14150,"41,260"
14224,"41,219"
10301,"41,052"
11106,"40,930"
11367,"40,923"
10573,"40,786"
11704,"40,706"
11421,"40,612"
14609,"40,274"
10583,"40,207"
10040,"40,096"
12866,"40,057"
10021,"39,868"
11412,"39,828"
10454,"39,570"
11722,"39,033"
10550,"38,972"
13501,"38,931"
10705,"38,887"
10035,"38,862"
11561,"38,708"
14624,"38,626"
14701,"38,461"
11231,"38,276"
11779,"38,206"
11105,"37,936"
11433,"37,884"
10034,"37,758"
11358,"37,665"
13021,"37,247"
10026,"37,123"
13601,"36,839"
11554,"36,821"
11379,"36,773"
13126,"36,495"
11378,"36,392"
12590,"35,712"
11510,"35,701"
14086,"35,635"
11418,"35,481"
11364,"35,276"
11103,"35,163"
14612,"35,152"
12401,"35,136"
11369,"35,133"
13027,"35,088"
12020,"34,937"
10309,"34,885"
11710,"34,834"
11566,"34,741"
11787,"34,499"
10022,"34,049"
13502,"34,037"
10562,"33,793"
11422,"33,757"
14225,"33,620"
12309,"33,246"
14534,"33,230"
11901,"33,091"
11050,"32,794"
10039,"32,492"
14621,"32,381"
11793,"32,349"
11735,"32,028"
10704,"31,921"
10956,"31,898"
14127,"31,543"
12901,"31,447"
11414,"31,308"
10036,"31,036"
10065,"30,808"
12203,"30,771"
10010,"30,702"
11417,"30,578"
10308,"30,568"
10001,"30,511"
11572,"30,436"
11370,"30,267"
11361,"30,127"
11731,"29,999"
11763,"29,973"
11803,"29,713"
11701,"29,509"
12303,"29,360"
10030,"29,297"
11720,"29,292"
14626,"29,273"
10014,"29,230"
14304,"29,208"
14226,"29,159"
11725,"29,073"
13090,"29,004"
11542,"28,965"
11570,"28,908"
10598,"28,821"
14424,"28,786"
11423,"28,534"
11102,"28,503"
11727,"28,495"
13045,"28,361"
12804,"28,208"
12302,"28,031"
13905,"27,988"
11967,"27,975"
11530,"27,939"
11553,"27,875"
12306,"27,865"
11232,"27,816"
12010,"27,750"
12553,"27,384"
12533,"27,325"
11729,"27,231"
10013,"27,219"
10901,"27,095"
14616,"26,863"
11429,"26,832"
11741,"26,667"
10303,"26,497"
10954,"26,495"
10541,"26,361"
14207,"26,327"
11784,"26,244"
11104,"26,132"
14623,"26,032"
11416,"25,919"
10710,"25,855"
12205,"25,838"
11356,"25,824"
10310,"25,672"
10566,"25,625"
11010,"25,604"
14606,"25,538"
11791,"25,520"
11001,"25,493"
14618,"25,476"
11795,"25,379"
14228,"25,350"
11552,"25,174"
14043,"25,098"
14211,"24,663"
11427,"24,607"
14220,"24,428"
10512,"24,234"
14213,"24,107"
10591,"23,926"
10471,"23,798"
14620,"23,769"
13850,"23,689"
12047,"23,532"
12208,"23,289"
13820,"23,056"
13208,"22,993"
11563,"22,899"
14216,"22,849"
11581,"22,818"
13069,"22,810"
11776,"22,808"
11692,"22,734"
11714,"22,695"
14223,"22,611"
12078,"22,589"
10703,"22,586"
11436,"22,527"
11762,"22,487"
10708,"22,482"
14217,"22,471"
12304,"22,403"
10552,"22,341"
10038,"22,235"
12144,"22,111"
13088,"22,073"
11768,"22,030"
14020,"22,002"
10075,"21,897"
11937,"21,882"
14617,"21,788"
11501,"21,641"
14206,"21,631"
11694,"21,489"
14072,"21,488"
11726,"21,455"
10012,"21,426"
14214,"21,314"
11415,"21,154"
11783,"21,127"
11790,"21,074"
10543,"20,989"
10805,"20,903"
14227,"20,621"
11411,"20,540"
11747,"20,513"
14420,"20,375"
10990,"20,368"
14845,"20,327"
14218,"20,312"
12110,"20,081"
10509,"20,046"
10567,"19,976"
13212,"19,917"
12561,"19,830"
13210,"19,803"
11021,"19,783"
14456,"19,756"
14051,"19,739"
14526,"19,629"
13901,"19,613"
12508,"19,566"
10605,"19,493"
11360,"19,469"
13204,"19,440"
11426,"19,411"
13205,"19,137"
12477,"19,066"
10037,"19,031"
10302,"19,030"
11428,"19,028"
14830,"19,015"
10603,"18,910"
11738,"18,877"
13790,"18,739"
11575,"18,705"
12189,"18,656"
12589,"18,646"
14468,"18,526"
11362,"18,492"
10580,"18,391"
11030,"18,051"
12831,"18,025"
14607,"17,891"
14615,"17,884"
10538,"17,760"
11733,"17,752"
11950,"17,599"
13903,"17,569"
11754,"17,565"
14052,"17,514"
14760,"17,474"
12054,"17,436"
11788,"17,374"
10606,"17,341"
14559,"17,200"
11703,"17,187"
12534,"17,176"
14611,"17,145"
12118,"17,069"
13039,"16,951"
13413,"16,742"
14305,"16,696"
11239,"16,410"
14564,"16,364"
13031,"16,285"
13206,"16,245"
13203,"16,180"
13104,"16,168"
10549,"16,135"
10804,"16,108"
10470,"16,004"
11951,"15,938"
11946,"15,819"
14210,"15,563"
13662,"15,556"
12019,"15,555"
13669,"15,542"
10307,"15,512"
12308,"15,511"
11968,"15,312"
14222,"15,311"
10017,"15,297"
10960,"15,251"
10965,"15,206"
14613,"15,047"
12524,"15,026"
11780,"15,018"
11767,"14,964"
12182,"14,867"
14904,"14,861"
13215,"14,751"
13219,"14,744"
14048,"14,739"
12801,"14,628"
12206,"14,572"
11949,"14,563"
10941,"14,422"
11782,"14,405"
12538,"14,391"
12211,"14,383"
14610,"14,311"
13057,"14,253"
11730,"14,247"
13603,"14,136"
10528,"14,091"
12771,"14,049"
14901,"13,970"
11702,"13,909"
10530,"13,892"
14425,"13,839"
12528,"13,827"
11751,"13,726"
10924,"13,720"
11004,"13,615"
11598,"13,599"
12839,"13,541"
14619,"13,477"
11366,"13,463"
10980,"13,414"
14513,"13,375"
14212,"13,299"
14586,"13,291"
10570,"13,289"
11693,"13,244"
11742,"13,202"
11577,"13,077"
10803,"13,072"
12586,"12,971"
12953,"12,893"
13676,"12,874"
13032,"12,850"
11953,"12,846"
14608,"12,792"
13421,"12,771"
13209,"12,714"
14527,"12,677"
13815,"12,654"
14519,"12,642"
14063,"12,575"
14622,"12,574"
14208,"12,572"
11764,"12,551"
10604,"12,517"
13066,"12,504"
11753,"12,435"
13617,"12,431"
14411,"12,429"
12095,"12,391"
11778,"12,390"
14843,"12,383"
14201,"12,369"
10520,"12,368"
13041,"12,330"
10927,"12,325"
11961,"12,315"
13207,"12,290"
11576,"12,281"
12701,"12,197"
11545,"12,172"
11755,"12,144"
10918,"12,069"
10601,"11,930"
13827,"11,832"
10514,"11,790"
14605,"11,783"
14810,"11,534"
10044,"11,520"
10522,"11,502"
10970,"11,497"
14004,"11,396"
10474,"11,270"
13492,"11,250"
14454,"11,127"
13323,"11,078"
10553,"11,011"
12188,"10,988"
14301,"10,923"
11771,"10,908"
14502,"10,831"
14103,"10,810"
11766,"10,750"
13148,"10,749"
12549,"10,745"
14625,"10,717"
10536,"10,669"
14219,"10,652"
12209,"10,626"
13619,"10,578"
11596,"10,516"
11096,"10,428"
10709,"10,352"
12210,"10,297"
12566,"10,269"
14092,"10,247"
10510,"10,226"
14032,"10,222"
12414,"10,169"
14467,"10,168"
13357,"10,167"
12202,"10,166"
11518,"10,149"
11740,"10,127"
13078,"10,119"
12571,"10,108"
14031,"9,885"
12061,"9,854"
10992,"9,843"
12569,"9,837"
14870,"9,795"
12803,"9,712"
10707,"9,688"
13244,"9,683"
11716,"9,659"
11023,"9,630"
13037,"9,607"
10930,"9,569"
13350,"9,522"
13165,"9,458"
10523,"9,450"
10005,"9,439"
11934,"9,418"
11797,"9,402"
11777,"9,396"
14006,"9,260"
12828,"9,230"
13904,"9,221"
11713,"9,218"
11752,"9,204"
10989,"9,187"
10706,"9,183"
11024,"9,155"
14059,"9,138"
14522,"9,121"
11516,"9,112"
10923,"9,069"
14895,"9,061"
13642,"9,043"
14472,"9,039"
10579,"9,019"
11565,"9,009"
14437,"8,984"
14001,"8,937"
11769,"8,935"
10280,"8,933"
11792,"8,904"
11559,"8,878"
12572,"8,869"
12540,"8,856"
14905,"8,751"
13214,"8,702"
13224,"8,659"
14068,"8,636"
13036,"8,616"
13367,"8,601"
13365,"8,578"
10018,"8,559"
14085,"8,531"
11557,"8,504"
11558,"8,454"
10920,"8,451"
13035,"8,428"
11963,"8,390"
14482,"8,339"
14209,"8,313"
12754,"8,296"
12043,"8,287"
11705,"8,284"
12159,"8,163"
14428,"8,127"
14011,"8,122"
14057,"7,972"
14589,"7,967"
11109,"7,948"
12009,"7,934"
12033,"7,932"
14204,"7,932"
12204,"7,812"
12184,"7,787"
14470,"7,758"
12564,"7,734"
13029,"7,725"
14892,"7,703"
11560,"7,696"
13152,"7,681"
10504,"7,665"
10589,"7,604"
14141,"7,603"
14445,"7,529"
13902,"7,449"
12018,"7,422"
10007,"7,406"
13340,"7,404"
13403,"7,388"
13732,"7,385"
11789,"7,369"
10533,"7,362"
12721,"7,359"
12305,"7,356"
12563,"7,304"
12983,"7,296"
10595,"7,243"
11363,"7,223"
13114,"7,214"
10547,"7,205"
13202,"7,098"
14903,"7,078"
12307,"7,050"
12077,"7,017"
12428,"6,995"
10590,"6,989"
14489,"6,897"
12972,"6,895"
12222,"6,889"
12198,"6,796"
14464,"6,755"
11709,"6,744"
14779,"6,738"
11507,"6,736"
12570,"6,698"
11933,"6,693"
14886,"6,652"
14414,"6,576"
14514,"6,572"
13135,"6,515"
12186,"6,512"
10069,"6,509"
10607,"6,466"
11786,"6,459"
14132,"6,453"
14569,"6,430"
11721,"6,426"
13346,"6,406"
13077,"6,405"
10994,"6,370"
13142,"6,365"
11971,"6,361"
10996,"6,349"
12822,"6,284"
10506,"6,244"
10502,"6,197"
14303,"6,156"
12832,"6,153"
12518,"6,114"
13211,"6,111"
10507,"6,109"
13108,"6,093"
13316,"6,063"
13073,"6,054"
12834,"6,039"
14047,"6,013"
13339,"6,010"
14469,"6,008"
10577,"5,945"
14706,"5,939"
10983,"5,934"
10282,"5,887"
13856,"5,881"
12158,"5,878"
12051,"5,876"
11980,"5,855"
13309,"5,825"
11940,"5,819"
14837,"5,801"
12582,"5,786"
14036,"5,782"
14009,"5,748"
14108,"5,713"
13753,"5,696"
11020,"5,676"
14174,"5,669"
12143,"5,664"
12962,"5,654"
13166,"5,622"
12542,"5,612"
13865,"5,610"
13118,"5,591"
14530,"5,553"
14568,"5,547"
14432,"5,518"
14487,"5,492"
12090,"5,482"
14136,"5,450"
12446,"5,414"
11942,"5,406"
10516,"5,362"
13778,"5,351"
12170,"5,351"
10532,"5,347"
10913,"5,343"
12084,"5,328"
12986,"5,326"
12833,"5,316"
14105,"5,313"
14801,"5,275"
13605,"5,259"
14131,"5,252"
12025,"5,244"
13637,"5,212"
13159,"5,204"
14590,"5,191"
14867,"5,149"
14505,"5,138"
10594,"5,110"
13733,"5,076"
10928,"5,071"
14551,"5,063"
13407,"5,042"
11952,"5,040"
11944,"5,037"
14261,"5,033"
11579,"5,033"
14070,"5,001"
12522,"4,959"
14423,"4,947"
14727,"4,925"
10560,"4,918"
10576,"4,891"
10993,"4,888"
12946,"4,872"
14512,"4,852"
11804,"4,835"
12816,"4,824"
14572,"4,817"
14802,"4,814"
13053,"4,794"
13452,"4,792"
14787,"4,771"
10962,"4,767"
14510,"4,754"
12883,"4,744"
12157,"4,713"
11978,"4,705"
12027,"4,693"
12887,"4,691"
13624,"4,650"
12992,"4,615"
13830,"4,597"
13068,"4,592"
13326,"4,586"
10524,"4,578"
12498,"4,572"
14891,"4,561"
12053,"4,550"
11514,"4,544"
12580,"4,542"
12790,"4,537"
14750,"4,508"
13074,"4,496"
12123,"4,457"
14546,"4,450"
12885,"4,444"
14080,"4,444"
11697,"4,429"
13849,"4,427"
10987,"4,411"
14433,"4,404"
14772,"4,394"
14737,"4,376"
12845,"4,370"
12545,"4,338"
13082,"4,314"
10925,"4,313"
13803,"4,273"
10548,"4,254"
13838,"4,251"
10916,"4,238"
10921,"4,231"
11954,"4,223"
12594,"4,222"
14871,"4,207"
14882,"4,191"
13833,"4,190"
14883,"4,184"
13460,"4,182"
14532,"4,165"
13084,"4,159"
14485,"4,153"
11568,"4,144"
13811,"4,127"
10006,"4,096"
12487,"4,035"
12758,"4,025"
12148,"4,023"
14067,"3,976"
14042,"3,967"
14416,"3,960"
13140,"3,959"
11715,"3,936"
12404,"3,935"
12037,"3,926"
12944,"3,910"
10998,"3,889"
13317,"3,888"
13417,"3,880"
12196,"3,880"
14202,"3,862"
13308,"3,862"
12015,"3,852"
13456,"3,848"
12134,"3,846"
12083,"3,844"
10963,"3,842"
10464,"3,828"
14548,"3,821"
12871,"3,813"
13748,"3,738"
13033,"3,732"
14543,"3,717"
12827,"3,716"
14541,"3,713"
10004,"3,711"
13655,"3,694"
13795,"3,681"
13439,"3,681"
12809,"3,669"
13116,"3,653"
14125,"3,648"
13030,"3,635"
13132,"3,626"
14823,"3,610"
11749,"3,600"
12122,"3,596"
14738,"3,578"
13634,"3,570"
13668,"3,563"
11796,"3,560"
12443,"3,559"
13354,"3,554"
12526,"3,548"
13667,"3,476"
14719,"3,448"
13862,"3,440"
13491,"3,431"
10926,"3,416"
13408,"3,391"
10974,"3,382"
12413,"3,368"
14733,"3,367"
12865,"3,356"
13480,"3,321"
13080,"3,313"
14062,"3,266"
14712,"3,262"
13329,"3,256"
14604,"3,251"
12075,"3,248"
14025,"3,243"
11719,"3,235"
11732,"3,228"
13167,"3,215"
12543,"3,190"
14111,"3,186"
11718,"3,179"
14627,"3,159"
12484,"3,155"
12547,"3,144"
14724,"3,115"
14757,"3,114"
12514,"3,107"
14172,"3,091"
12520,"3,081"
13478,"3,078"
13743,"3,077"
12458,"3,074"
11724,"3,073"
13438,"3,065"
10958,"3,054"
13461,"3,047"
12788,"3,037"
12846,"3,013"
12449,"3,010"
13411,"2,999"
13691,"2,990"
14710,"2,980"
12183,"2,970"
12919,"2,961"
14821,"2,958"
14812,"2,954"
11976,"2,952"
13656,"2,942"
13613,"2,931"
14755,"2,919"
14012,"2,911"
11964,"2,906"
13164,"2,904"
13825,"2,903"
14809,"2,890"
12072,"2,882"
13131,"2,880"
12117,"2,871"
13612,"2,865"
11935,"2,863"
12074,"2,848"
11977,"2,843"
11941,"2,814"
13471,"2,806"
10984,"2,805"
10588,"2,783"
13076,"2,778"
12154,"2,777"
13754,"2,768"
12525,"2,749"
14081,"2,742"
14739,"2,731"
14471,"2,727"
13060,"2,725"
12835,"2,708"
14098,"2,707"
12546,"2,706"
12567,"2,695"
12138,"2,695"
13092,"2,689"
12929,"2,684"
14807,"2,681"
13730,"2,679"
12094,"2,656"
12966,"2,656"
13044,"2,643"
12920,"2,624"
12775,"2,623"
14770,"2,621"
14525,"2,608"
13040,"2,595"
12789,"2,594"
14521,"2,594"
13332,"2,577"
14735,"2,575"
13812,"2,574"
13476,"2,572"
13646,"2,546"
12850,"2,537"
13746,"2,535"
14435,"2,512"
13143,"2,504"
12068,"2,503"
13110,"2,494"
14726,"2,494"
14715,"2,484"
14813,"2,480"
14817,"2,479"
12501,"2,476"
13606,"2,468"
12979,"2,465"
11955,"2,458"
10968,"2,456"
14716,"2,453"
13160,"2,444"
14476,"2,443"
13602,"2,440"
10537,"2,439"
13787,"2,432"
13493,"2,428"
14840,"2,425"
14203,"2,424"
14865,"2,421"
12918,"2,412"
14560,"2,412"
12529,"2,410"
14853,"2,405"
10511,"2,397"
14517,"2,388"
14544,"2,371"
12926,"2,371"
14058,"2,370"
13416,"2,369"
13685,"2,362"
11549,"2,359"
10973,"2,358"
13101,"2,358"
12780,"2,346"
12531,"2,337"
14775,"2,328"
12604,"2,316"
13424,"2,306"
12921,"2,304"
14847,"2,300"
12197,"2,298"
13620,"2,298"
14170,"2,292"
12121,"2,280"
12167,"2,279"
13734,"2,269"
11548,"2,261"
12981,"2,259"
12578,"2,249"
13648,"2,236"
12747,"2,234"
12779,"2,205"
13626,"2,202"
13699,"2,194"
13658,"2,189"
14744,"2,188"
14516,"2,185"
11005,"2,174"
11439,"2,170"
12817,"2,168"
14879,"2,160"
13156,"2,156"
14814,"2,152"
13409,"2,144"
12916,"2,143"
13112,"2,140"
10526,"2,128"
12821,"2,124"
13797,"2,119"
14139,"2,113"
12173,"2,099"
14782,"2,099"
13673,"2,097"
14034,"2,086"
13146,"2,085"
14561,"2,081"
12137,"2,077"
12776,"2,073"
13654,"2,073"
13652,"2,067"
14030,"2,067"
14711,"2,063"
14767,"2,061"
12521,"2,056"
14138,"2,046"
13843,"2,038"
12149,"2,038"
14743,"2,037"
13783,"2,035"
14826,"2,035"
13034,"2,029"
13145,"2,028"
13607,"2,020"
12070,"2,011"
13425,"2,010"
13327,"2,009"
14747,"2,005"
10976,"2,002"
14101,"1,997"
12583,"1,994"
12207,"1,988"
12928,"1,984"
12466,"1,981"
13363,"1,981"
12491,"1,981"
14040,"1,974"
13320,"1,971"
13042,"1,960"
14873,"1,945"
12577,"1,942"
13736,"1,936"
12993,"1,926"
12516,"1,925"
10917,"1,923"
12723,"1,923"
12052,"1,915"
12581,"1,914"
14806,"1,912"
12431,"1,909"
12523,"1,908"
13661,"1,908"
12996,"1,903"
13697,"1,898"
12910,"1,890"
14838,"1,889"
13459,"1,888"
14818,"1,878"
12733,"1,865"
12106,"1,864"
12066,"1,863"
12764,"1,861"
13622,"1,859"
12060,"1,859"
14102,"1,856"
14718,"1,854"
13431,"1,847"
13495,"1,841"
13083,"1,835"
12958,"1,827"
12440,"1,826"
12903,"1,824"
14422,"1,809"
10986,"1,806"
14741,"1,805"
14167,"1,804"
14781,"1,796"
13625,"1,792"
12023,"1,791"
11509,"1,790"
12057,"1,789"
12116,"1,787"
12957,"1,781"
10578,"1,780"
13485,"1,779"
13660,"1,774"
14024,"1,773"
14005,"1,772"
13618,"1,771"
13052,"1,759"
12870,"1,756"
14466,"1,754"
12168,"1,752"
13775,"1,752"
12193,"1,746"
12740,"1,732"
13324,"1,729"
10501,"1,727"
14427,"1,720"
12185,"1,709"
14477,"1,706"
12056,"1,695"
12455,"1,689"
13428,"1,689"
13433,"1,686"
12155,"1,685"
12912,"1,682"
13608,"1,676"
13304,"1,653"
12062,"1,650"
14481,"1,640"
12166,"1,635"
14504,"1,631"
12959,"1,627"
13120,"1,625"
13063,"1,624"
12859,"1,622"
12759,"1,619"
13026,"1,619"
12974,"1,617"
14171,"1,611"
13343,"1,606"
12461,"1,604"
10162,"1,603"
12575,"1,600"
14065,"1,597"
12086,"1,587"
12087,"1,584"
13808,"1,581"
12028,"1,557"
10919,"1,551"
12076,"1,549"
14880,"1,548"
13801,"1,545"
14778,"1,539"
14033,"1,539"
14533,"1,538"
12059,"1,530"
12748,"1,518"
14803,"1,514"
12737,"1,513"
12140,"1,512"
13335,"1,511"
13477,"1,498"
14591,"1,495"
12515,"1,492"
12941,"1,487"
14109,"1,473"
14898,"1,469"
13111,"1,463"
13694,"1,442"
12486,"1,440"
12565,"1,439"
13616,"1,430"
14858,"1,425"
14013,"1,423"
14008,"1,423"
14055,"1,418"
13809,"1,410"
13303,"1,410"
13348,"1,409"
12751,"1,407"
10922,"1,403"
10546,"1,392"
14478,"1,391"
14054,"1,391"
12463,"1,373"
14804,"1,362"
13839,"1,360"
14889,"1,357"
12719,"1,339"
13054,"1,334"
10964,"1,333"
11939,"1,331"
12468,"1,329"
10931,"1,319"
14091,"1,316"
13328,"1,311"
14550,"1,301"
12937,"1,300"
14507,"1,292"
13302,"1,289"
13338,"1,280"
13635,"1,279"
12932,"1,278"
12093,"1,276"
12956,"1,271"
14740,"1,269"
12967,"1,263"
14861,"1,260"
14028,"1,257"
13122,"1,257"
12430,"1,253"
12997,"1,251"
12481,"1,247"
14894,"1,244"
13315,"1,237"
13147,"1,236"
14129,"1,236"
13650,"1,236"
12853,"1,235"
13024,"1,230"
12592,"1,226"
14731,"1,226"
11739,"1,225"
12917,"1,221"
12058,"1,220"
13144,"1,219"
13807,"1,218"
13158,"1,217"
14143,"1,216"
12977,"1,213"
13796,"1,210"
12092,"1,208"
13464,"1,207"
13679,"1,205"
10914,"1,205"
12729,"1,203"
14709,"1,201"
14860,"1,197"
14864,"1,197"
14571,"1,190"
14723,"1,187"
13680,"1,186"
14145,"1,185"
13835,"1,184"
13630,"1,184"
12935,"1,180"
13322,"1,172"
12726,"1,168"
12814,"1,168"
14555,"1,165"
12067,"1,165"
12496,"1,164"
13028,"1,162"
14614,"1,158"
10969,"1,150"
14418,"1,149"
13684,"1,149"
12472,"1,146"
12585,"1,144"
12824,"1,143"
12960,"1,143"
12125,"1,141"
12815,"1,140"
13402,"1,133"
13757,"1,130"
13368,"1,129"
13744,"1,125"
13081,"1,122"
11957,"1,121"
12934,"1,120"
12022,"1,120"
10505,"1,119"
12989,"1,110"
13864,"1,099"
13810,"1,090"
12970,"1,084"
12419,"1,081"
12192,"1,077"
12980,"1,075"
12029,"1,069"
13334,"1,067"
12548,"1,064"
14753,"1,060"
12783,"1,060"
14836,"1,055"
13420,"1,055"
12136,"1,043"
12457,"1,041"
13731,"1,038"
12464,"1,033"
13490,"1,031"
12837,"1,021"
12485,"1,021"
13788,997
13813,997
12842,995
14855,992
10518,992
14066,991
12913,989
12502,984
13473,982
14869,982
14859,979
12423,970
13780,968
12151,967
12504,961
12734,950
11569,945
12434,944
13782,936
12427,935
12494,934
14846,928
14260,924
14720,924
11948,924
14506,923
13325,918
12785,917
14556,913
12863,910
12451,909
14037,904
12930,897
13318,896
13750,896
12763,890
12873,886
11958,884
14462,877
13470,877
12765,873
12409,865
13752,858
12474,857
12768,857
13469,855
13682,854
14822,851
11930,842
14728,842
13072,840
13739,833
12473,831
11794,831
11960,830
12417,828
12878,819
12156,808
14784,805
14842,802
14805,801
12469,798
13071,796
13355,780
12746,778
12732,776
12791,763
14769,757
14729,756
14819,755
12985,755
12187,752
14825,751
14885,749
13690,748
12847,740
13681,738
13454,735
12838,734
11959,734
12503,732
13802,729
13361,725
11932,725
12160,716
11962,712
12914,711
12150,710
14113,709
12778,707
11547,706
13615,700
14841,698
13756,697
12432,697
10988,695
12777,695
12936,691
14824,687
11765,683
10597,679
14815,678
13321,678
14897,671
12190,671
13155,669
12153,669
13061,668
12063,665
12032,662
14536,659
14877,658
13777,656
13310,654
13755,652
13141,652
10596,650
13486,646
12406,644
12950,628
13740,626
12574,619
12482,619
12470,618
14026,617
12175,612
12786,610
14839,610
13337,607
12436,607
14820,606
12857,606
14878,602
12120,600
12823,597
13621,589
14872,589
11430,588
14717,586
13313,586
14754,586
10517,584
13842,582
13489,576
12444,576
12035,566
12475,557
14714,555
13844,555
14511,548
12164,539
12884,538
12442,537
12766,535
14816,534
12923,532
13157,529
12493,526
14480,520
12480,510
13410,508
12955,503
12861,501
14808,500
12836,498
12852,490
13406,486
14082,485
13687,483
12412,475
12810,471
12017,471
12433,470
12041,468
12147,466
13665,465
13861,462
12843,461
14777,454
12942,450
11975,450
13672,449
13832,448
12405,447
12720,447
14748,446
14486,444
14069,443
13786,430
12418,427
12174,427
14549,426
12069,425
13693,423
12738,423
12008,422
12860,419
12749,419
10527,418
12169,417
11970,416
13136,406
11965,404
12725,403
13305,403
13153,403
12998,399
12422,399
12762,394
12176,393
10535,392
12945,391
12456,390
13633,389
12177,387
13659,386
13841,385
12439,384
13664,384
13863,382
13784,382
12420,381
13776,380
13670,378
13483,377
12849,371
12760,367
12965,363
14884,362
14060,362
12046,358
12085,357
12819,350
12108,350
13494,346
13319,344
12410,343
12064,342
12978,340
11972,334
13364,333
12924,333
12007,331
13628,330
12411,325
12769,325
14774,324
13774,323
13640,318
12927,318
12752,309
13846,308
14041,308
14441,308
12124,298
11956,298
12492,298
13751,297
13163,286
12952,286
12808,284
12071,283
12042,280
12969,279
12743,279
12495,277
12851,275
12530,270
12454,266
14173,266
12812,265
12421,261
12856,260
12943,260
13472,259
10279,259
13860,257
13468,256
12465,255
13342,255
14463,255
13437,254
12742,253
10975,246
13804,244
14722,243
12453,241
14588,240
12424,239
12471,237
13666,234
14479,234
12130,233
12513,228
13312,228
12507,227
13360,227
14721,227
12139,227
13103,224
12036,223
12741,222
10979,222
13692,222
12165,220
13435,218
13345,217
12886,215
14515,215
14475,215
12450,215
12407,215
13614,214
14537,210
14874,209
12435,209
12855,208
12448,207
12045,207
12874,205
13331,204
13062,195
12512,194
13643,193
13162,193
12787,192
12438,190
14302,189
12517,187
12429,185
10545,185
12131,183
12811,181
13696,181
13674,178
12781,177
12172,176
14166,173
12939,173
14736,172
12844,172
14585,170
12792,163
14056,162
12194,162
12195,162
13404,159
13695,157
13138,157
13638,157
12767,156
12973,154
14035,152
12460,152
14708,148
11947,148
13611,147
13651,147
12770,145
12736,145
13806,143
13450,143
14592,143
14027,142
13636,141
13826,141
11042,141
14545,141
12976,137
13436,135
10503,132
13117,132
14707,129
14557,128
12862,127
12544,127
13115,127
12031,120
12987,119
13314,118
12858,118
13632,118
10933,117
14039,117
14881,117
13087,116
13134,113
12132,111
14126,109
13482,108
10540,108
14788,107
12441,106
12416,106
13488,103
14539,102
13484,100
10519,99
12161,99
13418,97
12489,93
14061,93
13834,92
13641,91
14135,90
13123,90
13124,88
13020,86
12854,86
13065,80
14783,80
12975,78
12024,78
11770,77
14529,77
14415,77
14169,77
14854,76
14083,75
12841,74
13455,74
12964,73
13415,73
6390,72
14742,72
14413,71
14130,70
13301,69
13623,68
13441,68
13154,65
13353,63
14752,62
12724,60
12115,60
13113,56
13649,56
13859,56
12915,55
13675,54
14168,50
14732,48
11973,48
13051,47
13333,46
12483,45
12922,44
13475,44
13683,41
12911,41
12527,40
14893,37
13102,36
12452,33
12750,33
14542,32
14134,32
12459,30
12040,27
11931,27
14756,26
13457,26
13647,26
13814,25
13352,25
13639,23
12961,22
12872,22
10953,22
14827,22
13738,20
13678,20
14029,20
12745,20
13847,18
10985,17
10932,13
12820,10
12864,8
10152,7
12933,7
12082,2
11717,1
11798,1
